<server description="red server for management lab 7">

    <!-- Enable features -->
    <featureManager>
    	<feature>servlet-3.1</feature>
	<!-- feature>adminCenter-1.0</feature -->
    </featureManager>

    <!-- To access this server from a remote client use host="*" -->
    <httpEndpoint host="*" httpPort="9082" httpsPort="9445" id="defaultHttpEndpoint"/>
    
    <!-- The virtual host entry includes the ports for all servers so the merge tools creates a single cluster-->
    <virtualHost id="default_host" allowFromEndpointRef="defaultHttpEndpoint">
            <hostAlias>*:9080</hostAlias>
            <hostAlias>*:9081</hostAlias>
            <hostAlias>*:9082</hostAlias>
            <hostAlias>*:9180</hostAlias>
    </virtualHost>

    <!-- Automatically expand WAR files and EAR files -->
    <applicationManager autoExpand="true"/>
    
    <!-- Set security for remote admin via adminCenter -->
    <quickStartSecurity userName="adminid" userPassword="adminpw"/>
    <keyStore password="{xor}Mz49Dz4sLCgwLTs="/>

    <!-- Allow editing of the configuration files from remote admin clients -->
    <remoteFileAccess>
        <writeDir>${server.config.dir}</writeDir>
    </remoteFileAccess>
   
    <!-- Set clone id to be unique within this group of servers -->
    <httpSession cloneId="${wlp.server.name}"/>
 </server>
