<server description="server for management lab 6">

    <!-- Enable features -->
    <featureManager>
    	<feature>servlet-3.1</feature>
	<feature>adminCenter-1.0</feature>
    </featureManager>

    <!-- To access this server from a remote client use host="*" -->
    <httpEndpoint host="*" httpPort="9080" httpsPort="9443" id="defaultHttpEndpoint"/>

    <!-- Automatically expand WAR files and EAR files -->
    <applicationManager autoExpand="true"/>
    
    <!-- Set security for remote admin via adminCenter -->
    <quickStartSecurity userName="admin" userPassword="adminpwd"/>
    <keyStore password="{xor}NDomLCswLTovKA=="/>

    <!-- Allow editing of the configuration files from remote admin clients -->
    <remoteFileAccess>
        <writeDir>${server.config.dir}</writeDir>
    </remoteFileAccess>
   
 </server>
